window_length,polyorder,amp,A11,A12,A21,A22,B1,B2,A_rel_error,B_rel_error,stable,complex_pair,fn_Hz,zeta,fn_Hz_baseline,zeta_baseline,fn_rel_dev_from_baseline,zeta_rel_dev_from_baseline
51,2,-0.1,-2949343.0741253654,-2318597.456645308,1590973.7852984301,-1593196.3340270598,-2530594.2385674743,2557237.447668931,0.0546237074631606,0.019604775609921406,True,True,460937.28973474674,0.7842363995037521,461989.3787486549,0.8007638851440457,0.002277301302375965,0.02063964914866328
51,2,-0.05,-2851073.66096175,-2092078.1563488338,1615330.4794111038,-1622618.3810978893,-2671319.940402271,2651054.26545726,0.03168835501699758,0.05049517842681559,True,True,450315.7460420816,0.7905677389949964,453596.2041634908,0.8002548011242042,0.007232111052293529,0.012104972210849992
51,2,-0.025,-2475783.1681982307,-2042208.5180776422,1628883.6847121555,-1218917.9434241487,-2023364.0298070794,2381808.808942728,0.144761339671113,0.15633064904757862,True,True,400877.6768966541,0.7334281490977306,405461.5592712833,0.7324241189728685,0.011305343921795049,0.0013708315972309575
51,2,0.025,-2704847.401937476,-2103849.002938117,1631907.2908594124,-587693.3986330307,-2524317.652840171,2135089.201507344,0.2604511784925528,0.10259301481652437,True,True,356695.5747310064,0.7345537495632277,364285.16493131575,0.7545887715722152,0.02083420059595436,0.02655091456932719
51,2,0.05,-2867513.523830507,-1942705.8569421098,1515348.620493573,-1554890.5669545676,-2698332.93170969,2431509.612799119,0.05454020827785278,0.04020942479360407,True,True,433022.7361498045,0.812714221031996,441544.8751574887,0.8119707005428363,0.01930073133482649,0.000915698668268
51,2,0.1,-2972189.6702723093,-2394715.4191791546,1558417.6775436674,-1483986.3386711378,-2513182.8333545225,2492591.384720129,0.07987430890983832,0.01637158874654201,True,True,454154.0251894757,0.7808170794203265,462000.31725631584,0.7800510169409607,0.01698330449952283,0.0009820671503897509
51,3,-0.1,-2936310.7520963433,-2388571.9778263695,1581533.327658094,-1719333.876226832,-2484465.6972183995,2599694.996712153,0.0654019913501319,0.0368876433175382,True,True,472829.61486337637,0.7835474265830042,461989.3787486549,0.8007638851440457,0.023464253970693728,0.0215000437462842
51,3,-0.05,-2855902.8876405633,-2042204.2083033873,1612450.7488594197,-1719870.1134279624,-2698114.7068313295,2685692.7637872305,0.03794805914350549,0.06267889484191506,True,True,455881.9845817481,0.7987340103542768,453596.2041634908,0.8002548011242042,0.00503924062255472,0.0019003831876934383
51,3,-0.025,-2473414.7176232324,-2176179.1053319136,1605261.4567557995,-1158683.5769420583,-1964696.4223379437,2326887.1449872563,0.1532212834663827,0.17592733211981942,True,True,401349.5580824185,0.720153275037369,405461.5592712833,0.7324241189728685,0.010141531533236001,0.01675374092364378
51,3,0.025,-2739374.0746532567,-2154432.2667766293,1575565.3594911364,-519410.07877419563,-2544632.3837771956,2044147.6710575582,0.2740865727582759,0.12732533480892372,True,True,349319.0815557226,0.7423751433469608,364285.16493131575,0.7545887715722152,0.041083428084190486,0.01618580700559171
51,3,0.05,-2871742.841024458,-1959365.289868813,1477956.9953667342,-1508261.4441509885,-2696548.124375568,2368076.2604355733,0.0578246928722537,0.05069731919561985,True,True,427863.33043094154,0.814628507714416,441544.8751574887,0.8119707005428363,0.030985626821435214,0.0032732796513505378
51,3,0.1,-2967132.036164649,-2383029.1674666083,1543994.5084733223,-1607744.9313970336,-2511817.235724785,2529435.7999047595,0.06502371828886205,0.018537520743200128,True,True,462639.50574279774,0.7869132168638167,462000.31725631584,0.7800510169409607,0.0013835239124463225,0.008797116821623666
51,4,-0.1,-2939830.5632623327,-2362027.42588208,1583779.1298501187,-1736556.430316171,-2499870.0152684385,2609777.085288422,0.061278824569150375,0.03653822470789417,True,True,473365.20749970817,0.7861478769952956,461989.3787486549,0.8007638851440457,0.024623572043724985,0.018252581591040255
51,4,-0.05,-2845676.919309595,-2086224.9862567578,1608993.2772124268,-1689827.0924817882,-2667818.2120683473,2668855.9128292706,0.02976478594802543,0.054213365241962026,True,True,454788.5271656704,0.7936082814010454,453596.2041634908,0.8002548011242042,0.002628600043905718,0.008305504339145094
51,4,-0.025,-2483672.071049844,-2141849.68762652,1593337.4856457845,-1079102.2678328909,-1991143.333377359,2278965.099589629,0.16657492987119654,0.1731422357385847,True,True,392852.4842417476,0.7216871089011805,405461.5592712833,0.7324241189728685,0.03109807758890232,0.014659552837699178
51,4,0.025,-2793614.3287607646,-2057146.9709798708,1583720.4025972977,-531475.0369385167,-2642508.19821392,2058260.7072187485,0.27110982807634115,0.12475511842104814,True,True,346602.85072486656,0.76341612261207,364285.16493131575,0.7545887715722152,0.048539759256414176,0.011698227395383514
51,4,0.05,-2874700.0154643315,-1931815.6089394405,1461178.2534881611,-1387354.9436925005,-2711339.141056589,2299954.084732483,0.08362862113037105,0.06806760353432897,True,True,415359.52725591924,0.8165541777270852,441544.8751574887,0.8119707005428363,0.059303933472741016,0.00564488001991285
51,4,0.1,-2967477.79866458,-2375217.641664252,1539008.714376464,-1557499.6894156542,-2515615.454184013,2501659.220795522,0.06690633534015043,0.015569322476076796,True,True,457894.231270557,0.7863961646876343,462000.31725631584,0.7800510169409607,0.008887625900656745,0.008134272770461434
101,2,-0.1,-3000600.7046910254,-2265556.3489061547,1598225.064147949,-1292303.598102044,-2615840.072831139,2438906.300009489,0.10211516970877303,0.021060207608623687,True,True,435821.8019975939,0.7838489686362177,461989.3787486549,0.8007638851440457,0.056641078680073884,0.021123475748141805
101,2,-0.05,-2891575.009977514,-2156966.395274118,1564100.1518779628,-1208401.3125289516,-2694022.86405949,2416821.4776140302,0.11008374701943653,0.041308493563717234,True,True,417092.0762413729,0.7822391450910856,453596.2041634908,0.8002548011242042,0.08047714594401811,0.022512399810422974
101,2,-0.025,-2498242.833553167,-1892913.209274277,1618013.673383358,-1111906.9146470516,-2111397.3714763196,2324458.6956341965,0.16984140933326966,0.1372925098860567,True,True,384634.1648398264,0.7469086605544988,405461.5592712833,0.7324241189728685,0.051367124589785894,0.019776166849806893
101,2,0.025,-2802373.4485031213,-2037974.5690931007,1639470.2316345228,-519594.0436470215,-2658614.288389216,2123114.6713152225,0.2754492283349896,0.10786265901721544,True,True,348592.7520082808,0.7583455825176234,364285.16493131575,0.7545887715722152,0.04307727690748458,0.004978620259059499
101,2,0.05,-2839824.270782471,-2025537.0002646828,1508345.052079914,-1313398.9732406354,-2634998.282710837,2329232.8414971004,0.08838927136871483,0.050807427458146814,True,True,414568.26076046616,0.7972221605169599,441544.8751574887,0.8119707005428363,0.0610959744180036,0.018163882041576523
101,2,0.1,-2993486.982600119,-2427911.918679316,1568739.6583761496,-1154964.015871636,-2526106.490811238,2361239.547603113,0.1435433312070124,0.04070226748213976,True,True,429014.28883692174,0.7694924152424484,462000.31725631584,0.7800510169409607,0.07139828088276744,0.01353578351826115
101,3,-0.1,-2964025.1365301185,-2181864.774429296,1573037.5913236854,-1684833.4240042246,-2605654.812097186,2574929.534051882,0.03234978613805737,0.022969122316999258,True,True,461989.3787486549,0.8007638851440457,461989.3787486549,0.8007638851440457,0.0,0.0
101,3,-0.05,-2853923.7956213406,-2037769.882100653,1594574.761054682,-1707574.994195801,-2696902.7418768816,2660909.623890874,0.034909542316766164,0.05689504106469876,True,True,453596.2041634908,0.8002548011242042,453596.2041634908,0.8002548011242042,0.0,0.0
101,3,-0.025,-2457359.6718980363,-2088389.950384431,1608117.4386276999,-1274473.2144379676,-1981096.6885730783,2380725.1433458296,0.13587304441298148,0.16792923153855843,True,True,405461.5592712833,0.7324241189728685,405461.5592712833,0.7324241189728685,0.0,0.0
101,3,0.025,-2772876.408261553,-2036529.246281526,1644656.9016363116,-681436.5997709495,-2627020.1849943437,2182918.2320012776,0.23832075580510745,0.08976086595974764,True,True,364285.16493131575,0.7545887715722152,364285.16493131575,0.7545887715722152,0.0,0.0
101,3,0.05,-2846544.814063412,-1986111.7342505115,1497914.4101534053,-1658769.2482929993,-2656006.8133938564,2452330.644370728,0.03730528958464181,0.02707084385652034,True,True,441544.8751574887,0.8119707005428363,441544.8751574887,0.8119707005428363,0.0,0.0
101,3,0.1,-2957888.148466665,-2452610.333074834,1541259.1207647962,-1570828.4631782733,-2470275.8976658448,2509531.0347725176,0.08110769413871362,0.028329463545249126,True,True,462000.31725631584,0.7800510169409607,462000.31725631584,0.7800510169409607,0.0,0.0
101,4,-0.1,-2943935.26867154,-2388216.948593652,1571645.4165324057,-1663007.9334087085,-2493692.621672499,2563900.41274389,0.06401850760984992,0.028058444445348857,True,True,468067.5693914826,0.7832392490980581,461989.3787486549,0.8007638851440457,0.01315655926829121,0.021884898121791813
101,4,-0.05,-2835535.82817586,-2131660.588418359,1600534.078026596,-1728642.3889816117,-2636003.385189305,2676186.580005855,0.028594723318856662,0.052322031855522214,True,True,458891.556506698,0.7914849533763028,453596.2041634908,0.8002548011242042,0.011674154886222567,0.010958819285534443
101,4,-0.025,-2466477.9076624126,-2076267.595576276,1610492.3824034245,-1229457.314998085,-1998306.6489463395,2364045.545793351,0.14236383933511965,0.16423909019399172,True,True,401885.6903598282,0.7318329243163583,405461.5592712833,0.7324241189728685,0.008819255067932538,0.0008071752980217628
101,4,0.025,-2737084.0882279025,-2083627.468304881,1599714.3805991565,-548896.252581672,-2569236.6010702145,2083079.4194626515,0.26800402431589154,0.11625213802692703,True,True,349981.1055265362,0.747154640470986,364285.16493131575,0.7545887715722152,0.03926610463941494,0.009851897326460139
101,4,0.05,-2860882.0824509435,-1891673.1356681609,1488612.3169758234,-1548884.8068130226,-2710225.066304427,2396941.14281234,0.06584961977963781,0.048202833322717735,True,True,428453.40504046343,0.8190344504824848,441544.8751574887,0.8119707005428363,0.029649240323207992,0.00869951333825977
101,4,0.1,-2967434.2956625735,-2341131.002836746,1541218.5296788092,-1580151.8402651465,-2530528.3781404644,2513864.1679932643,0.05840526145371922,0.012041644471355806,True,True,458443.3546971438,0.7893786715996843,462000.31725631584,0.7800510169409607,0.007699047871429666,0.011957749501183751
151,2,-0.1,-3002701.918276241,-2503450.4015572523,1519495.0896676083,-783772.963929511,-2517297.4830089,2129461.3270706334,0.22882119575065268,0.10441446309833799,True,True,394929.3596068528,0.7629670721319178,461989.3787486549,0.8007638851440457,0.14515489365457052,0.04720094613823499
151,2,-0.05,-2878488.377838435,-2342486.1597030982,1483346.3700032905,-760126.8844589433,-2605304.1942904023,2131469.6605583816,0.22021814473186002,0.10319102474084647,True,True,378733.08112468256,0.7645273595912719,453596.2041634908,0.8002548011242042,0.1650435394997819,0.044645082394684905
151,2,-0.025,-2440408.888785346,-1995174.129434524,1584786.3008088446,-888578.8335316213,-2001250.5954892854,2192827.2343554664,0.2131709287183531,0.1805867451263958,True,True,367452.2061785854,0.7209438977234974,405461.5592712833,0.7324241189728685,0.0937434196253037,0.015674280723401955
151,2,0.025,-2828314.3945784834,-2084348.9076449163,1504954.23908042,-257813.3929617426,-2676334.6247987053,1872033.998006377,0.3344508667019599,0.17752309839588837,True,True,312933.87367648724,0.784786393735148,364285.16493131575,0.7545887715722152,0.14096454151381804,0.040018647640376284
151,2,0.05,-2873940.669272825,-2117160.422019844,1423010.8593814005,-873390.3108634095,-2639521.3717827154,2054299.3863392647,0.18913903727577214,0.12571728454167527,True,True,374024.75599931757,0.7972817832560354,441544.8751574887,0.8119707005428363,0.15291790927046378,0.018090452373442454
151,2,0.1,-3015255.1949064974,-2619075.65839905,1503766.2019636875,-676127.3926954519,-2469993.897440048,2076965.6483140648,0.26331431654129966,0.12129870901627307,True,True,389106.1402453123,0.7549376955216007,462000.31725631584,0.7800510169409607,0.1577794955724287,0.03219446020062133
151,3,-0.1,-2973232.0522200055,-2139306.147285321,1569558.533437645,-1638406.393443721,-2635561.9621250615,2551536.7577084806,0.0327955506875331,0.02294077125102373,True,True,456559.15618695586,0.8038006076910837,461989.3787486549,0.8007638851440457,0.01175399870968323,0.003792282098850844
151,3,-0.05,-2858426.392660215,-2079868.7004615199,1572590.0081113083,-1603993.2582519792,-2684380.985878689,2590485.458453294,0.02721030510870034,0.040354388852483,True,True,446079.1780716635,0.7960651163580966,453596.2041634908,0.8002548011242042,0.016572065689328237,0.005235438463126858
151,3,-0.025,-2500789.662255653,-1834502.4542333484,1595317.7505062486,-1279382.1832882427,-2137771.9449826824,2368007.827919219,0.14640099989401115,0.12639398151459105,True,True,393923.11541669676,0.7636427153033516,405461.5592712833,0.7324241189728685,0.028457553103983537,0.04262365960075588
151,3,0.025,-2784413.108353774,-2033319.7192828646,1649933.8240923455,-732678.7562499156,-2637277.774959486,2208692.5655491967,0.22647515714438113,0.0832749998520506,True,True,369668.7759834272,0.7571136540688836,364285.16493131575,0.7545887715722152,0.01477856242959135,0.003346037725167576
151,3,0.05,-2841019.1396780103,-1880626.4343404225,1493440.4126402186,-1656303.4778776465,-2691748.1207580697,2446397.7072699545,0.06236983752714994,0.03672749845232171,True,True,436275.99332137423,0.8203191743531317,441544.8751574887,0.8119707005428363,0.011932834310974994,0.010281742684451744
151,3,0.1,-2970284.6529787723,-2260173.270784377,1538691.0155106292,-1530703.8159118153,-2569871.0330497203,2488985.5062216506,0.05116169767986919,0.0031017403595133075,True,True,450842.2825904673,0.7944624886418156,462000.31725631584,0.7800510169409607,0.024151573600885875,0.018475037385850414
151,4,-0.1,-2971309.4663602137,-2178328.213896806,1578370.574613247,-1736973.3942419896,-2616326.9726871634,2603571.1147032566,0.037776416409519474,0.031475654244713824,True,True,466714.7715141927,0.8027884871830144,461989.3787486549,0.8007638851440457,0.01022835801623185,0.0025283383485813766
151,4,-0.05,-2864068.388378092,-2030449.3076982624,1580628.2258465725,-1662512.9160756355,-2711779.3082618774,2624871.0327905607,0.03286004960911662,0.0523810543739752,True,True,449339.70668046986,0.8016516003375083,453596.2041634908,0.8002548011242042,0.0093838913199696,0.0017454430905529223
151,4,-0.025,-2462835.2767774235,-2018801.884685604,1611529.9210868292,-1325992.6482878528,-2017341.6384436144,2406128.52721683,0.12974783122573746,0.15669830664710516,True,True,406361.59642384364,0.7419631900572061,405461.5592712833,0.7324241189728685,0.0022197841743073336,0.01302397181801568
151,4,0.025,-2782819.7739187144,-1961813.4745809012,1644076.6954593034,-678580.7491691005,-2664119.317415879,2181968.5726169725,0.24129442518948876,0.09236667522366418,True,True,359906.2945531708,0.7653367162614474,364285.16493131575,0.7545887715722152,0.01202044661623971,0.014243446356667187
151,4,0.05,-2828215.805553453,-2021484.879518623,1496842.452733824,-1651273.85758185,-2620756.692979683,2448155.515499698,0.029821693754492475,0.019953718497143058,True,True,441522.4100778504,0.8073575725084106,441544.8751574887,0.8119707005428363,5.08783611864577e-05,0.00568139716290457
151,4,0.1,-2960413.567329877,-2462372.966514587,1543444.8735752937,-1579652.9165310864,-2469483.9255505167,2515560.0166958193,0.08290095298839972,0.028754563915447052,True,True,463383.1865856822,0.779672249436164,462000.31725631584,0.7800510169409607,0.0029932216011859516,0.00048556760592669555
